{
    "avg_prec": {
        "train": 0.9960754325179026,
        "test": 0.9605089499156295
    },
    "roc_auc": {
        "train": 0.9982882789868083,
        "test": 0.9720748688890228
    }
}
