{
    "avg_prec": {
        "train": 0.9962921515617573,
        "test": 0.9615962024426464
    },
    "roc_auc": {
        "train": 0.9983994559362205,
        "test": 0.9720284989589951
    }
}
